{
  "espesor_total_mm": 1.16001,
  "z_mm": [0.365005, 0.000005, -0.000005, -0.365005, -0.580005],
  "a_matrix": [
    [81090932831.06125, 13911995558.156576, 134555519.4263084],
    [13911995558.156576, 44462320630.70815, 134555519.4263084],
    [134555519.4263084, 134555519.4263084, 15687031952.54819]
  ],
  "b_matrix": [
    [-1697630583.253985, 1739320467.4475107, 20844942.096762605],
    [1739320467.4475107, -1781010351.6410356, 20844942.096762605],
    [20844942.096762605, 20844942.096762605, 1739320467.4475098]
  ],
  "d_matrix": [
    [1573637865.40322, 496749589.3083269, 5072338.727637689],
    [496749589.3083269, 1593927220.3137603, 5072338.727637689],
    [5072338.727637689, 5072338.727637689, 543516476.7750797]
  ],
  "a1_matrix": [
    [69905373945.96706, 11992996231.201952, 115995137.47839105],
    [11992996231.201952, 38329256325.98698, 115995137.47839105],
    [115995137.47839105, 115995137.47839105, 13523186828.172335]
  ],
  "d1_matrix": [
    [1356572672.1349125, 428228712.9493081, 4372668.104272971],
    [428228712.9493081, 1374063344.5519955, 4372668.104272971],
    [4372668.104272971, 4372668.104272971, 468544647.6970714]
  ],
  "e11_pa": 66152367046.16559,
  "e22_pa": 36271049843.42049,
  "g122_pa": 13522739770.46145,
  "nu12": 0.17154864194261055,
  "nu21": 0.31287621331747534,
  "g12g_pa": 33075852764.555145,
  "ei_ensayo": 4297.52675503191,
  "e_fibra_ensayo": 60175.875927739195,
  "ei_theory": 4724.344480352438,
  "elastic_gradient_theory": 3543.2583602643276
}
