{
  "fiber_assignment": [
    1,
    2,
    1,
    2
  ],
  "material_ids": [
    "RC416T",
    "UD",
    "RC416T",
    "UD"
  ],
  "theta": [
    45,
    0,
    90,
    0
  ],
  "es_simetrico": true,
  "espesor_total_mm": 1.46,
  "z_mm": [
    0.515,
    0.15,
    -0.15,
    -0.515,
    -0.73
  ],
  "a_matrix": [
    [
      120437480726.92139,
      14646559047.355787,
      134555519.4263084
    ],
    [
      14646559047.355787,
      46642034248.509964,
      134555519.4263084
    ],
    [
      134555519.4263084,
      134555519.4263084,
      16956031952.54819
    ]
  ],
  "b_matrix": [
    [
      -20646337335.594967,
      2841104980.4533963,
      37976730.759012446
    ],
    [
      2841104980.4533963,
      -4217190316.33225,
      37976730.759012446
    ],
    [
      37976730.759012446,
      37976730.759012446,
      2602679492.0723944
    ]
  ],
  "d_matrix": [
    [
      15641626176.815351,
      1572343436.784318,
      13895295.547639668
    ],
    [
      1572343436.784318,
      4994145040.445547,
      13895295.547639668
    ],
    [
      13895295.547639668,
      13895295.547639668,
      1854361392.3249345
    ]
  ],
  "a1_matrix": [
    [
      82491425155.42561,
      10031889758.462868,
      92161314.6755537
    ],
    [
      10031889758.462868,
      31946598800.349293,
      92161314.6755537
    ],
    [
      92161314.6755537,
      92161314.6755537,
      11613720515.443966
    ]
  ],
  "d1_matrix": [
    [
      10713442586.85983,
      1076947559.4413137,
      9517325.717561416
    ],
    [
      1076947559.4413137,
      3420647287.9764023,
      9517325.717561416
    ],
    [
      9517325.717561416,
      9517325.717561416,
      1270110542.6883113
    ]
  ],
  "e11_pa": 79340861070.73958,
  "e22_pa": 30726043316.895042,
  "g122_pa": 11613404267.73407,
  "nu12": 0.121603516041561,
  "nu21": 0.31400488414536004,
  "last_nu12_used_for_g12g": 0.018669070820225585,
  "g12g_pa": 38943393562.96292,
  "e1_p_manual": 79340861070.73958,
  "th_fibra_mm": 1.46,
  "elastic_gradient_corrected": 3223.145066273932,
  "ei_ensayo": 4297.52675503191,
  "e_fibra_ensayo": 46484.011497689,
  "ei_theory": 7335.198969127796,
  "elastic_gradient_theory": 5501.399226845846,
  "legacy_capa_central_value": 20
}