{
  "fiber_assignment": [
    2,
    1,
    2,
    4
  ],
  "material_ids": [
    "UD",
    "RC416T",
    "UD",
    "Dummy"
  ],
  "theta": [
    0,
    45,
    0,
    0
  ],
  "es_simetrico": false,
  "espesor_total_mm": 1.03001,
  "z_mm": [
    -0.365005,
    -5.000000000032756e-06,
    0.36499499999999996,
    0.515,
    -0.515005
  ],
  "a_matrix": [
    [
      94086127802.47305,
      13671558989.1512,
      134555519.4263084
    ],
    [
      13671558989.1512,
      19752459246.356396,
      134555519.4263084
    ],
    [
      134555519.4263084,
      134555519.4263084,
      15360731952.54819
    ]
  ],
  "b_matrix": [
    [
      -2304179678.265854,
      -1888761272.871618,
      -20843799.93944654
    ],
    [
      -1888761272.871618,
      -2380061966.465506,
      -20843799.93944654
    ],
    [
      -20843799.93944654,
      -20843799.93944654,
      -1983759894.0245728
    ]
  ],
  "d_matrix": [
    [
      -6551930761.476443,
      -571443439.2886204,
      -5071921.840217324
    ],
    [
      -571443439.2886204,
      -911043026.4043473,
      -5071921.840217324
    ],
    [
      -5071921.840217324,
      -5071921.840217324,
      -675937501.8978181
    ]
  ],
  "a1_matrix": [
    [
      91344868304.65048,
      13273229375.58975,
      130635158.32497586
    ],
    [
      13273229375.58975,
      19176958715.309944,
      130635158.32497586
    ],
    [
      130635158.32497586,
      130635158.32497586,
      14913187204.539944
    ]
  ],
  "d1_matrix": [
    [
      -6361036069.044419,
      -554794069.2698326,
      -4924148.15411241
    ],
    [
      -554794069.2698326,
      -884499205.254655,
      -4924148.15411241
    ],
    [
      -4924148.15411241,
      -4924148.15411241,
      -656243630.5451578
    ]
  ],
  "e11_pa": 82157765145.97928,
  "e22_pa": 17247403395.358337,
  "g122_pa": 14912277619.842518,
  "nu12": 0.14529826978456925,
  "nu21": 0.6921262784571034,
  "last_nu12_used_for_g12g": 1e-05,
  "g12g_pa": 41078471788.27175,
  "e1_p_manual": 82157765145.97928,
  "th_fibra_mm": 1.03001,
  "elastic_gradient_corrected": 3223.145066273932,
  "ei_ensayo": 4297.52675503191,
  "e_fibra_ensayo": 68611.27524854695,
  "ei_theory": 5146.022903224664,
  "elastic_gradient_theory": 3859.5171774184973,
  "legacy_capa_central_value": 20
}