{
  "fiber_assignment": [
    1,
    2,
    1
  ],
  "material_ids": [
    "RC416T",
    "UD",
    "RC416T"
  ],
  "theta": [
    45,
    0,
    -45
  ],
  "es_simetrico": true,
  "espesor_total_mm": 1.16,
  "z_mm": [
    0.365,
    -2.7755575615628914e-17,
    -0.365,
    -0.58
  ],
  "a_matrix": [
    [
      70132611917.36569,
      25139427510.704765,
      0
    ],
    [
      25139427510.704765,
      32965777639.307358,
      0
    ],
    [
      0,
      0,
      26914463905.09638
    ]
  ],
  "b_matrix": [
    [
      -9988599338.832605,
      -1155615467.870271,
      52633112.482569925
    ],
    [
      -1155615467.870271,
      -1736013511.0087404,
      52633112.482569925
    ],
    [
      52633112.482569925,
      52633112.482569925,
      -1324736107.65203
    ]
  ],
  "d_matrix": [
    [
      4454089572.946522,
      1885301679.345687,
      -10207209.597782811
    ],
    [
      1885301679.345687,
      2445960354.842714,
      -10207209.597782811
    ],
    [
      -10207209.597782811,
      -10207209.597782811,
      2007997484.0217686
    ]
  ],
  "a1_matrix": [
    [
      60459148204.6256,
      21671920267.848938,
      0
    ],
    [
      21671920267.848938,
      28418773826.989105,
      0
    ],
    [
      0,
      0,
      23202124056.11757
    ]
  ],
  "d1_matrix": [
    [
      3839732390.47114,
      1625260068.4014544,
      -8799318.618778287
    ],
    [
      1625260068.4014544,
      2108586512.795443,
      -8799318.618778287
    ],
    [
      -8799318.618778287,
      -8799318.618778287,
      1731032313.8118696
    ]
  ],
  "e11_pa": 43932322277.67596,
  "e22_pa": 20650352636.098625,
  "g122_pa": 23202124056.11757,
  "nu12": 0.35845560037497953,
  "nu21": 0.7625916726663018,
  "last_nu12_used_for_g12g": 0.03625940752602081,
  "g12g_pa": 21197550516.120552,
  "e1_p_manual": 43932322277.67596,
  "th_fibra_mm": 1.16,
  "elastic_gradient_corrected": 3223.145066273932,
  "ei_ensayo": 4297.52675503191,
  "e_fibra_ensayo": 1556937.7202095487,
  "ei_theory": 121.26389382716361,
  "elastic_gradient_theory": 90.9479203703727,
  "legacy_capa_central_value": 3
}